Number,username,password
1,POIVJ8QFZB,l7guq6pf
2,SA6VY0WHIL,3by5c7l9
3,7QGHEFTLA4,nagzw1md
4,M7RDFXI5LN,8r61gqfu
5,YFX21AT64K,suqrna1v
6,Y1XSNA6ZUJ,jy5t8ubo
7,162B7G4UVJ,zfalbgxk
8,DLV0PFH1B3,bwa2qpv4
9,F61RNY3SKD,tebz16pu
10,JXCG9FMI52,qp1ao3w4
11,QA4JM7XPG1,jzcerg8p
12,U4V5L7HXPY,37stpj6w
13,ZA6PJ1DR27,zqgsr1i7
14,9S8TR0EDJO,362c0p1q
15,W148Y7VKLP,wj1exiy2
16,F2ZQDMH7GU,t5mzcoiv
17,UOSLG9CT31,jitvl4ea
18,1UKFDPAGOI,49ahrewd
19,0LUGHPSNZD,mxfy0u4c
20,DOMAEG6W10,1pbeq40z
21,2F31J5A6QN,07kq2bes
22,17NVG8XY0L,qzsa8umo
23,RXTD6JFA85,y98ucmka
24,IHBTD3S82Y,fs8rdjwv
25,NOYPQW0MLH,hekxmo7z
26,LTXIHA7YKF,ca91pr27
27,N03MJXBGRL,pdfnxe4v
28,2I0897UME3,sxytm5uc
29,3BS27QJZMN,0ex61om7
30,DLGT1270R6,zcru46qd
31,RQPSJFZN1B,xk89sgc4
32,L47RAJF2XD,7vd2ynh6
33,EP9TMF8621,2lsd0fhn
34,VEMKGLA2P9,ypikz1sh
35,9EYS7O8NXZ,sr985xae
36,GS1RWHUIV7,wof1vixy
37,TG32S6UMBY,kdqa80cx
38,XLCOJ5TWMZ,wrm0l1a8
39,WIBT65YEH3,e9vfjbmw
40,NDY7I4HP8X,1jza5tbk
41,LVCSJT4RD3,m2t7pyg5
42,NULC5IODBP,or7xfypg
43,2F93DBVG4C,dinq4pjr
44,NH03A5UP8Y,toa4570s
45,PUJGHX15Z9,2r5nw9mf
46,P2FJ9U7MNQ,heivwagp
47,C6PW35RYEH,d8tf7uab
48,GR3VO9A8N5,fhv7iale
49,CYQPFAM3LI,ycr9bnaj
50,2JVMT36N8Y,k15d2ur7
51,TFEPGQYBHL,qshg934n
52,4A7SG8P1XN,focbwyix
53,KUXL6FD8BH,z80oh7gw
54,MGCFVY4LAI,e3mpzsq8
55,6U4ANSJ5MD,wpkx1ab5
56,07N5BF38W9,n2v0za5y
57,QAU5K81MCD,7hu05kwp
58,QX28T5Z7M9,p5bfm2nz
59,LT72HNRV3P,skfu1btn
60,PCKZGRJNYL,tk3vu5ow
61,TPF4HVY0M6,2n0amfvu
62,YPOGSW32EZ,qgx56pa9
63,CZO6HFK3QB,v3thmskj
64,2K8ELQF6DC,ay2z8ong
65,J9M1UTB02N,umgbq19y
66,CH8OI3YDWJ,19els6vo
67,1LCPAGQ2OB,lfvc12zw
68,I8KQ3RX07Z,z94bykpi
69,M5L6TJEY30,hs8beirl
70,R2SHND84EK,82viton6
71,Z4D8J1Q6Y5,ok2vc3ri
72,RKAW8HMEQO,8xwozvj6
73,S6DAVM29O1,yxmadhps
74,LOS5JYGK06,62qtpumb
75,RB7LH5S1WF,tdjlhf2m
76,K7G51YN264,ba5kd7t6
77,U5NL6XW1KB,wxh5gl6m
78,D7T36MZQRK,r0jn2fa5
79,B9MANHKVIT,6j1qhysz
80,GC7EDI92PR,bntdur6l
81,HYPWS0B3VA,qwr6jczp
82,E31Q7VUX2Z,3912q7ao
83,AOTK9EJ05W,dwkcmanx
84,5GUBXQEWF0,sg9wz6hy
85,AU9I5BR4LZ,rmy7xd6c
86,ULMZA4OKE1,u4lpsevc
87,U0MVN86C4J,swtxgeof
88,HKG6YCS9VO,9t06z4uq
89,MH2AWVKP3N,2stcjzlq
90,EB7XDG32ZO,mlae20ru
91,K6R5Q2DNJY,u29i5arm
92,0LXV7MUGH8,6s2eta3j
93,6VHM8RF9XD,5971mjut
94,HD97TW04QX,8046gua5
95,RLW2TMV5U6,rq46twl3
96,O2LJH14SK7,fac5wjiy
97,X4QPRDL6NE,t3pjxw49
98,GZ0M3LEK8R,nxupl0s8
99,VOSH2MNZJ3,tf57jhup
100,H5REXO1SZ6,pszxdkqf
101,RFL7OUW92X,71wa3qug
102,6BDMNW4EJR,t123wls9
103,3PLSAUQRZY,12chae0q
104,AEOKWFM5NV,myiah7xz
105,E3OIGYP4LM,8sly20dj
106,CO81M9QFRE,z6t14ucl
107,IMASYNFVOR,nd9mpkt4
108,XEBI40A7GF,u5bhnm1z
109,US1C9JOBQ7,wzqajk39
110,BL6JX593GQ,q3rmdux5
111,SR12M5W6ZQ,pi9qd3zr
112,HW1REUVOYB,j3qyld2h
113,ORMCXBS5VH,2d4mltwh
114,UW74BH1SIP,s6ew9py4
115,UX2AQNFJOI,bvr8yklt
116,J9HLUFD7BQ,yoafenk7
117,VEO9BHQI0X,jr263plu
118,F829PGIMDO,fb7a2rx3
119,5CH4E8UIBN,826e3pum
120,AMQVRW39PO,ogbdn83y
121,XRWHGUM0L2,54cpiesv
122,UCY032L9BD,hmgndfky
123,PMXILHC539,lx95cvke
124,GE2O89FNH7,uwob0djl
125,Z4I1QG0S95,fkzle9n8
126,D5ROY3U89S,mjn048h7
127,CW4QMOUTZ5,swri94a0
128,5EG06R9PQX,hda1vjzr
129,W8BL7XEV12,lvg5x68t
130,2UWJ63OSIL,enqrvxko
131,89HXS5P4RQ,ic4316yl
132,3CGVPM8KU9,4kgtfxq6
133,SGK8Y1ZUIT,q4cfjz2y
134,ZB96U8RANC,nw7xyze9
135,69L7YNXZME,ia9t6lxe
136,CE95KH8WMR,cizeyfmv
137,5BO3YLKH0F,ipv5huwe
138,2S01Q93XCT,xgfehynj
139,RM29C0DSFT,1nzar8wf
140,XUBE93A5DN,5zxa4j3g
141,UT0VSJDKMX,lrk7ba6x
142,YDGEROBSLX,x3fvdsoh
143,IQG6SAK89E,sw2bcna6
144,W2Q8KESJCT,1jecwyhg
145,FN613AVLBY,3glxm4uv
146,X3ZHE6PNLO,831zptfe
147,SZK59E1HRM,8n4zuhxr
148,XU637H25SG,sfgzal14
149,NYVJH2PX7B,bz4c96hm
150,0OF9EXIRVL,i3aj6fys
151,NMXHDQKS9V,yep4alst
152,UH3LQI7VXB,ughj3md5
153,HO6SCM8750,7l2ure3i
154,OD14MH7I06,e72z6glo
155,H3CRSNJ9PK,n97xhyfr
156,QZDWXUH5CO,4w0anezy
157,27OBLR98MT,dtkpyjb7
158,G6K4EMPB3C,6ev1wjxs
159,BLUVQHN6RW,z40el2gb
160,DARPK17Q6Y,8aq6sb9d
161,LXK0BS64NI,wdst7f8p
162,BT6V1ASYXN,hid89cwl
163,9X8PRBNTLM,1k4owg20
164,IUG9EA3SL6,cxril1bh
165,9TXF5YNUVR,7erix46v
166,6DI2EO0KFC,9lxbvhn0
167,9YBFXTRVKH,xktvjm35
168,YO329XMGTQ,3gqj7oka
169,VCOAS84BH2,usf6ewo3
170,7M2PG06H9L,oawebyrm
171,S0COGMPQHU,w6ln1deb
172,MSPKZVH21F,n42m9e7s
173,FJGH8NDZ6O,9gpe1hnl
174,ROMZYHF860,1jbr75f0
175,JUCSNYH1TR,q9kp4res
176,BMOA38PNG6,himgfa0v
177,2AD9X7CQ0T,3co8zqlh
178,21YF6JEUTB,zf4mibap
179,TY7AWRI5UX,4cugit3f
180,47X5UV0E9M,43y81kuh
181,JZPB9U3H81,fqns278y
182,20P8Z6LIGO,2su9tkhw
183,ITXZA1WDSH,ntqe9ulg
184,HKZ7T3IX2Q,va2cog1p
185,7ZPSQLV9JT,ejb9w1l5
186,EOT34KJ8H1,jazlw690
187,JX0674FR8V,1dc4j2ku
188,P2FXW94163,38j6lkny
189,V9DUF7EL25,s7ao1l82
190,2SDNCIRO89,9sa0kw17
191,JT18F4W90A,wvb3tonu
192,45C1RLUT0O,rawvx4du
193,VEBZ3SL7U8,w56fkzpd
194,9FGZT86E1K,69je7bsu
195,BMKADG8TXO,kg1ret8s
196,X5Z8IE4L2F,z9ifb0no
197,D1O53FWGLB,cuabsykx
198,9UYPG184CN,54p8yzk6
199,2ZQHV9RML8,i2vsybqf
200,N9LE4UFYVJ,2ovizd5n
201,032TCE5IAH,3cauxsyp
202,B5V4C96L3M,8fqpimu0
203,9ABFG70IEZ,sq5um0k9
204,PQU71WEY0S,2d78e4py
205,BZJG6LMYAC,sp75wj0u
206,3VAS6ZHXUG,tisk7359
207,E6HJ1WAI3D,5oul3atf
208,ZKWCIB32J0,m523ky4i
209,YM7NORX4TL,anmqjg74
210,CUAHIJ38NL,d2qwknsj
211,7XG0EFDWKO,hrp01clt
212,W0GA4MPB8D,v0kwxg69
213,UWBI864Y2J,fd3se0n1
214,4NS8T25HBE,1pyzq5nl
215,HI872CUGND,gu4zsf8y
216,LOXVCKM7U5,80tuhk3q
217,CM1JKOY3QH,wmc7zkfd
218,2SK47ZPVE9,0r7f8mwn
219,GPS3L08JI7,7a1ng2jr
220,LJRKHQS73I,xde1s9o2
221,RA5YHLG7T3,n1u06jtd
222,36FH2JNWLZ,dx68q4zh
223,6HJCNRUG9X,mljtu1b3
224,2Z76B8XEQC,jcpq8mzb
225,W2X1N90DVT,lp9i0z42
226,1MZJHK27PF,4u9kodyx
227,32V0ZPTJLH,curzkqlg
228,0WRK753DEJ,1e6z2ywo
229,92AIHZ1NLQ,qh8e2x5k
230,YU0O4VN7DI,swlt05h8
231,V9I6BWYGOJ,0olgsjqe
232,I4BU8TP3WS,nhmk5wp1
233,IV4AM12DNF,tmolag82
234,VA4NFS21Y5,02ubn3q1
235,LIAS20DXTQ,24wh0glj
236,RXNACSBO15,skxoq8t3
237,RTU1ICWXD8,0ag35m7k
238,YG12AH73NV,wncp1jsx
239,D9QW7Y4F2G,9h421plg
240,A06KNWZVIH,8uk1mxaf
241,8BVKI3TYJ9,c3gojsfa
242,E3YJZBF9R8,o1z32vu5
243,KQ0BH2PULF,9ne7spf8
244,ZAV9MNKOW4,4koq0lfe
245,7YM29QCPSK,dfg3py1r
246,68BHPQ7YUM,6y03rsj4
247,W7X350PKCM,tsu05brq
248,TI5PXOZLVG,c7oa5k3p
249,NDXKEVJ95C,34xmbngu
250,KGTVZ0BQFS,4zmgo9c7
251,597NCXAJIU,xja6lmq2
252,PEDB0JGV95,1a7bth23
253,O6A2TV9IRS,eaid3gbo
254,FYB6R9K1HM,32kxqncj
255,4NZS9TBRIY,ob9xy4ez
256,C1698ET2OR,2rkmaco4
257,Q3XKLM0UPT,ez1mtx52
258,8IYVOEWA1B,acfwhs4u
259,U2Z9ODFM1B,cye926gr
260,CBVTWQE1K3,n9arls4d
261,8F9XKY7ASW,f9dz1cnp
262,32SI76JGQX,uxqdjzn6
263,O31JGD52YI,qu9e16x3
264,FJD43OZ5TM,94thf7kj
265,QJ2LFYZWGM,2muih5dt
266,ULED5V8WQ1,qn6c2kbu
267,5DRQC87M4O,v0qbh654
268,9GPOET7VJB,ufmreya2
269,D5MO8FXSB3,ea7pxg21
270,PT17CG0HI8,i18ntkub
271,FJRMCEKQUD,gn6xpit1
272,W6H1NUE5Q7,bq6la2on
273,42VLKDSFZY,r8g6t0ew
274,5IY7R86MW2,2ni3u7d8
275,ZB14KV9FAQ,5i2q7agn
276,8AT6V1XOFJ,bqit2xg0
277,WSAJ4QZC6Y,b3y1hxte
278,3JWBZNQ21O,2rfjvswe
279,NTSW4RFHJ9,7vwc2jfz
280,3I2YTMB59V,gazdxi8e
281,K50OBRCTYW,2sd7z0f6
282,8A3DSP9CLT,twfv520x
283,LUWJAVTRSH,brzo4t1y
284,9ME6LPFHT3,k42se315
285,EFZ647TQB8,xzio5spn
286,QPCHBULYF2,wpq1nfia
287,DJCI1YXN08,ucqkyg82
288,B1E3YJIQDZ,fd3khoui
289,AYOTW7RVIG,oqcwhn2j
290,3RNS5BVMH9,zhij8f3a
291,2HC5MQUG8Y,47lcj1x9
292,PQXC1LVWNO,9mwdrqo5
293,GUBWDCV2P6,xh3m09f4
294,JKP79W4OL1,xspwq2y3
295,QHJ5M4WNAR,dsiguo31
296,TW15HXQ8YD,egpjoqx4
297,Z9K8SJNP4V,psjd0t91
298,KGFME73VUP,8o73ietu
299,6AHDE317LX,xdnl2vpq
300,KHBR4YF0JP,vmy9w1oa
301,OBTRFVUWJ2,yr8f3bkz
302,ISF1PARU0J,9kfy3swm
303,953ZCR2BO8,21a6elok
304,ESIDB6P5KF,c2jawtxh
305,VMO7L5N6BK,lq95sygm
306,9XLS30J5WP,f0ujvwen
307,0JTP7HZ5FW,spkfvod1
308,ITOFL8HVB7,0mf1u369
309,069CL8PEWR,j3tui7c1
310,XUNI3862RD,l6th2jos
311,K7052ERXDB,srep8z0u
312,5GV9K8QNZ2,y2biq8fc
313,F3DMAPGZUR,h40c27gr
314,KMWIY9AZ3C,xm0j1bal
315,XB6GZ0QAUY,3607ifae
316,DFJBR1HPLV,afxpso81
317,SRXFZ06OB9,d5y1hm38
318,ET2ZDKW9XV,80ck4a7p
319,1320K9OU4J,da5y948w
320,92SGWU0FTE,zxrp59h3
321,MNOKLFHI0B,8tbicn3s
322,QJAPR3HTD4,sgvw2ed5
323,ZOLCX2TDQ9,4uz65inb
324,BYQFOED7U1,u8okejt3
325,85B6JS2PAO,d3tz1sm8
326,JS5WNQE8OA,lxakti64
327,8BMEF2X3JA,w72nt5gh
328,70I3YBTSLZ,c0qb934j
329,TP6O14FDUR,ifk87bn6
330,GNWUA72CT9,7s3r4mhc
331,P48OFL0GNI,mrk5tdpb
332,38TDYNFH9U,bd0s827g
333,P893FOH5RC,3m0hg8pw
334,XM9QGVPN3D,0qf5atmj
335,A293E04NUL,vpe1fgqm
336,WRFHNDQ43B,ckw3459h
337,U9Y85V62QR,k4jeh5rs
338,HS062A73BV,aeu83t5w
339,UXOIM0QZSF,iasj37ux
340,D2X96NSB18,pfulzmnt
341,C4J19GYB3Z,6p2udl3a
342,41FCDA5Z3G,b56jvu2n
343,NJWY54R0M7,6qv34fn7
344,PYV8LE21F6,29hb053x
345,EDX63K984A,cdnhbqfk
346,0RCWY835P2,v9tk0bsw
347,PAREI3ZN15,9mwrd4al
348,Y7NXOC52E8,8u0kbso6
349,W7MY6B0S1E,0txqco6g
350,SCJN4MP1WI,9hdcy68u
351,PC7Q50MFSE,gj6xel8w
352,7XJ2EKTF3I,7xyrcoiv
353,JZ1LS623IQ,ptfaubzl
354,FD75U3Y409,yf2hn5i4
355,Q3GAIBWLRO,ei2b1yg6
356,YSGR41WJH8,59guq6az
357,9PNHXZ2QAY,k06osnl4
358,TLK75QGYBA,u0w6j9bv
359,AE9S5LGNMP,cjqnlh28
360,A6RBJLIOHW,lrf9ck6n
361,23XZF4ELWY,8jz5n604
362,T6QBG8MYCW,9smf4re8
363,QDKRVHBMWO,n9ot3zwp
364,R5AHX8KBJ0,v5crdbj7
365,MSLPWUQNYF,vs0tpzy3
366,1D9GNO3HR7,2vxk6l0p
367,RBXLYCHJ4Z,w0r2hdyp
368,57CWKOIPFR,k14av539
369,LV1Q4RYTF2,aj6lruw5
370,E9G2PVWRYN,vsxeyn3l
371,UG31E2VS5K,493ptlbz
372,0TAIYKWU36,i913hjc8
373,25LBIUQZEG,7yauwv1n
374,R0FHIB6T9E,uzpij7ym
375,YDFW7OMAVI,8kdxnlg4
376,F9NU48MLDI,nekovqw9
377,DLRA39WNUF,mjyvi879
378,FVE1I4G62P,lhaqbdrp
379,48GECYFBML,ptq2i8ym
380,5GZWKNRF8U,zlhyq1du
381,PKYTMWOGZL,7isnr92f
382,BS70NET64L,zu8tx2nj
383,3OLV16JYRK,8o2j7trn
384,54JI3X9TCO,9i1ekcwl
385,4E8CJY3XT5,3idpur7n
386,J35IMLZNSG,42qcp3sf
387,7FD3QYKCLP,k5myo2xq
388,UT46WPRCJ9,0gaex3jt
389,STNQY1LFE9,ov0bsiwg
390,5RDB3Y8ET4,jp0gheou
391,XYOZ4MU6FV,dryp9fh4
392,TY4WXNCJP5,ikmqwgz7
393,R30UHQ6ECK,p8oerg1y
394,4TAD0H2YBQ,by7elhrf
395,K436C87RZ0,ts8ql3kg
396,TPZ1EH7IJA,5db27cmq
397,Y7HF4OQM2C,zma4j59t
398,83VN9MIWZH,ck1avsge
399,94W3NMPXUC,mei7ofbk
400,PQYGT2KCE1,vhobaslp
401,6N2UEGJDYF,j3wehy2d
402,WIYOMAV3UQ,4za76hr0
403,UYG4TOBQXD,rf5s9uk7
404,O3VTW6BAYX,floahvp6
405,PR3WX8MH2N,t7rzhikd
406,5NUM9J0QX8,2c49bast
407,8RUZKLJN0T,q061cu73
408,IOPL89MFGT,h7t4dsao
409,XLUTE61VDG,4zl3a6tv
410,D6OXYIPUR3,xfj83naq
411,U20XWELPOS,jpeg967c
412,FNHP2MX8IB,u7cjyldr
413,HBYU46VNX9,db4c3yql
414,APTXMBRINO,vsiklhco
415,EM9DZ3BQ2J,hsknq4m2
416,VE7TYLSCIB,f347e0uz
417,2G1XCTH8UE,8nkoriyx
418,XT13QB7EJS,vx7ufq1b
419,SNIJBP0QKW,cypzrg8s
420,Y5J24FDTAQ,wutszl92
421,CUHYFLMAJD,q3p6nlg1
422,SPTR89G63H,i837gocx
423,VUDK60TH9P,v15iw0fh
424,FVON05B8K6,un67hza1
425,CB5EAQF87R,0oaze1us
426,DB346QV2ES,r7ytmg5v
427,J4UNPE1DF8,610yvszw
428,2MQ4T3Y01O,tzayn8jw
429,R06OB5E4YU,ke10bu5j
430,SL3M8ONV07,g7rxzuw2
431,5YC2KZUBP1,ujx1z4q3
432,VEQ4M5TN7B,gcx371tf
433,E94HS835RU,oz8ergd6
434,YR3MVNLKQB,dqk6rucv
435,UOGLHNFDMS,84mj1clv
436,FZUGDHACKR,cqb287vi
437,Y95T0SHM1D,m7rzf04p
438,PZU3WLOVKF,wni7dfzj
439,051QG9WCSY,lfh8x590
440,H73GW5S0VZ,w7olmrp8
441,891LWBJ4SC,137ny9ga
442,0Y6OMUXLGR,18m3olqi
443,D01FOHBK25,1omq7d9x
444,FWAG2KN8M9,ydnfv7j2
445,GR09XN8CEY,6l07km4j
446,WFY0I27NA6,c0gdqe87
447,2F7ARHMIDL,yxi2shmw
448,85TLIJCQRS,0a7rq4n5
449,76XDI04QRJ,szmanwq1
450,X096APGMCD,dtwec9pb
451,QH9VIWAPTR,ck06g29f
452,1NMHF2A9D7,lq42caxp
453,EFI4VBKA6L,o93mqjr1
454,7VK50HSA3C,xlz0j7tn
455,NCQH6ILYME,m36ru97z
456,YRPQ4FDO9K,93tfo45m
457,SCYL0U24XD,vanfhugy
458,713UITKH60,c3bivo75
459,2SFGI3RN75,8b3aqxdm
460,SVH8BLPCX6,7e9ng581
461,ITAJ9SR4QL,j3lyin6d
462,Y4IV2NG3SA,ozcl6gf2
463,MBNE1J0YSC,ktigq9a7
464,4TUVOE0P6X,vzm3wb7r
465,LPJICSW3V4,un29i14e
466,B041YN3U5E,5th6qv92
467,TIYPL2FRAQ,z46cdvg9
468,ENYHV4DZ03,xf1u98wh
469,IH0SLEKTFX,qkbz0731
470,40DAMFO79R,mkxwcybl
471,RUNT92EFCV,5s746ahi
472,JYV8HP03OI,qfwz70eo
473,GSW376MNFR,xb4oq0y7
474,SIQLRU1XW6,ujwoh1mf
475,I7QOCSHVW0,4i5t8d1x
476,63T8HZGKV7,9deboiu1
477,PDJY5ZIGA7,m7x9g46u
478,3VYPQF597N,vosdicfx
479,JA06OZGIF7,rtcoh9lz
480,0CFZOYUMVE,kd41is2o
481,UR4GS0LAJQ,0s2hnyat
482,38VM4YDKOQ,aui9pcnj
483,17N6HWQYBM,42padhkg
484,YUQVOFNKWG,ptny7czq
485,3TPEX9A1NG,bjznkuei
486,TCZLE61I2K,0kastyd4
487,Q1BNV92FXL,9udihxf8
488,FHYGNWZ4XV,jc6tl43m
489,JCV4ZHQRWN,8iovas2j
490,OJK4PSXTL2,la4cbnfi
491,Z5COS86TE4,zdyok9bv
492,U8Y2W9NFTS,kpd1zwxh
493,JGZIC572OF,i465zq8w
494,RWTG5SEV8A,klhn6459
495,QI718LM30K,htl90awv
496,45UV71E8B0,78ov9gez
497,7JU43DSKWR,ab53hxqw
498,1N9A482BYD,we6orkx3
499,WE6AHJ8ZV1,iq6mp48h
500,XWOIE42CN1,al2buhn3
501,JTFNE8ZHVO,zufhtr3c
502,U8QBMASCXG,ulkr3j5n
503,IR9TVHQ1PC,2rw8upyk
504,A503GCFTY1,wl120qf8
505,M9NOFZLRAI,8e29s0nt
506,5SOZWNVKTP,5beyplzw
507,IJBL2CQPK5,j3q2i8t9
508,07PGJES8UM,96jh7v4f
509,6LZ3RDS7AE,wcs0l4tn
510,IWJFRS5P47,kge60xiw
511,QFSRG0AJ6Y,3nelwuf0
512,WSTZUAMPKD,fatmnu6p
513,J2MQP60YWD,5fjdo4bc
514,CKWIHVNQ4U,q902c1tf
515,FDSQ8W0P1E,2r4ga7ed
516,AF5MC6G8SL,rfjsvhgo
517,J62T0E5CBV,aivrwh8f
518,514XGHUOE0,q0o1c52w
519,JKU7VOT6H5,70wjigsc
520,98QARSP0N4,5qy79nxe
521,G4OJ7VC3P6,w26qlf34
522,GM0AO94W16,u2wd38e0
523,X7LAK3DECB,ext1dq67
524,87FBTQDENW,510b62av
525,79MSEW5Z42,704w1dqx
526,MTY7A12WVR,ln0xd1ug
527,8F9Y16HI0B,6bmr0u8j
528,HIBRJTLWKF,453pfens
529,4NR2UZSLBD,cpumgqdz
530,WXE5GBZJVK,8w3chsuj
531,6H0LX5DOGJ,sap46rqw
532,GMSBW3POZH,nkm987qj
533,ZW3QKR9YE2,fs8eluwc
534,7L1GC8ADZJ,cfnqx5pr
535,4MFTC3E5DS,9kebtgyv
536,ZA4DY0MNPU,e2dur9jp
537,DHGERQU9L3,or19cspe
538,5BCKFTG26E,2te570qd
539,TK72NUW0BX,2g51dlmz
540,MDCQWLJ8PK,1l04hq2k
541,9H6XG5OWZA,nz37gicp
542,DVUMYJSP70,s6o2e0m9
543,8T51B37FO0,bajplkzv
544,Y5JF8NCR62,2ulmysvd
545,T4Z12KY63L,hkgoytr1
546,T6DI8J5EWC,786e94qo
547,SMH7XTV1JD,2i3p6m9e
548,E9PS28ANDI,t6v18o3b
549,WZ9S1QHPR7,0g8ntvbz
550,7HM4ZILCRJ,bj92atzv
551,M1QFNU65KW,nt8zw5sb
552,EHSZRMY348,0x5bu79l
553,UEL0F18RW4,2z3okl8x
554,M4P3WN75VJ,6pn0ivga
555,7HVKQZOF46,e0lhs7an
556,BTKDF6HG9A,ar1fmdqs
557,SL0KHT25PW,w73ly9ab
558,NRH19E3JI5,cfm9psjl
559,MRT2NZJVK7,avjsxtu4
560,U4WF16EZLX,m5fejnhv
561,70N14WF3ZO,ba29kcgd
562,D9WTNSQUXZ,9hoidvgn
563,V672PS3AX0,8i7fy1s5
564,9RIKAM80WH,4xhic97b
565,GI9AYPK5N0,q5eauv6l
566,YOFSZ71M2H,ni35k6rf
567,0D5BQSOYM9,1vq7z5mi
568,GMICHUKAQL,9sagd86v
569,DV6GHOEUKL,tc7s9xyr
570,FI5D761KM8,dhtignzk
571,DPS4AQYKBG,08351cw2
572,WUS0ENPT1O,0tumc6ha
573,6NJ8KCRXGM,b4gnr96k
574,1KZYQHJWCS,1x0qawue
575,L20CGK7DAO,iny2dh7t
576,DTPXE7LZV0,2h6ny81v
577,RA50Y9PMQN,ai9pmd24
578,BKDF8J0E67,qs69puli
579,6NLO8WRKGI,dwgi4638
580,9C6SBNHP72,g2is3o1e
581,VAY5J8GE2Q,d7ivm4ne
582,UY2IO6M9C4,9q4ews52
583,RH7G0QFNV9,tsq0vh31
584,495FSV3TXC,4we0u89b
585,3LWFC46ME7,8v1ftslw
586,GTZCB8AL1M,bhiz4yjw
587,7TSHYF5IB1,xglinr3u
588,2KQDWLAF3X,4s5v6xkr
589,E0KG1JN24T,mt3a8wqg
590,H6NEVG5PYI,i10c43fs
591,DHSYG6Q0TL,619d5nej
592,MV2W38IYC1,tfi8rjo6
593,PA2W7SMJ4K,106jxwst
594,2USV1NB89J,n3hvdse1
595,60P159AJRO,gkfavb9u
596,G7VPER05ID,h5zp39uw
597,V14G5JENWS,uhwrb809
598,VHL3WG9RCN,y0kpam65
599,HGWVJIRQ7X,cdqn9svw
600,YFWD0615OL,f07yix2n
